schedule_date,schedule_season,schedule_week,schedule_playoff,team_home,score_home,score_away,team_away,team_favorite_id,spread_favorite,over_under_line,stadium,stadium_neutral,weather_temperature,weather_wind_mph,weather_humidity,weather_detail
09/06/2018,2018,1,FALSE,Philadelphia Eagles,18,12,Atlanta Falcons,PHI,-1,44.5,Lincoln Financial Field,FALSE,81,8,,Rain
09/09/2018,2018,1,FALSE,Arizona Cardinals,6,24,Washington Redskins,ARI,-2,43.5,University of Phoenix Stadium,FALSE,72,0,,DOME
09/09/2018,2018,1,FALSE,Baltimore Ravens,47,3,Buffalo Bills,BAL,-7.5,39,M&T Bank Stadium,FALSE,61,12,,Rain
09/09/2018,2018,1,FALSE,Carolina Panthers,16,8,Dallas Cowboys,CAR,-2.5,42.5,Bank of America Stadium,FALSE,81,9,,Rain
09/09/2018,2018,1,FALSE,Cleveland Browns,21,21,Pittsburgh Steelers,PIT,-3.5,41,FirstEnergy Stadium,FALSE,58,11,,Rain
09/09/2018,2018,1,FALSE,Denver Broncos,27,24,Seattle Seahawks,DEN,-3,42.5,Sports Authority Field at Mile High,FALSE,84,5,,
09/09/2018,2018,1,FALSE,Green Bay Packers,24,23,Chicago Bears,GB,-6.5,45,Lambeau Field,FALSE,62,10,,
09/09/2018,2018,1,FALSE,Indianapolis Colts,23,34,Cincinnati Bengals,CIN,-1,47.5,Lucas Oil Stadium,FALSE,72,0,,DOME
09/09/2018,2018,1,FALSE,Los Angeles Chargers,28,38,Kansas City Chiefs,LAC,-3.5,48,StubHub Center,FALSE,84,8,,
09/09/2018,2018,1,FALSE,Miami Dolphins,27,20,Tennessee Titans,TEN,-1,43.5,Hard Rock Stadium,FALSE,89,7,,Rain
09/09/2018,2018,1,FALSE,Minnesota Vikings,24,16,San Francisco 49ers,MIN,-6,46.5,U.S. Bank Stadium,FALSE,72,0,,DOME
09/09/2018,2018,1,FALSE,New England Patriots,27,20,Houston Texans,NE,-6,49.5,Gillette Stadium,FALSE,62,10,,
09/09/2018,2018,1,FALSE,New Orleans Saints,40,48,Tampa Bay Buccaneers,NO,-10,50,Mercedes-Benz Superdome,FALSE,72,0,,DOME
09/09/2018,2018,1,FALSE,New York Giants,15,20,Jacksonville Jaguars,JAX,-2.5,43,MetLife Stadium,FALSE,59,7,,Rain
09/10/2018,2018,1,FALSE,Detroit Lions,17,48,New York Jets,DET,-7,44,Ford Field,FALSE,72,0,,DOME
09/10/2018,2018,1,FALSE,Oakland Raiders,13,33,Los Angeles Rams,LAR,-6.5,47.5,Oakland Coliseum,FALSE,69,10,,
09/13/2018,2018,2,FALSE,Cincinnati Bengals,34,23,Baltimore Ravens,CIN,-1,43,Paul Brown Stadium,FALSE,82,3,,
09/16/2018,2018,2,FALSE,Atlanta Falcons,31,24,Carolina Panthers,ATL,-5.5,44,Mercedes-Benz Stadium,FALSE,72,0,,DOME
09/16/2018,2018,2,FALSE,Buffalo Bills,20,31,Los Angeles Chargers,LAC,-7.5,41.5,New Era Field,FALSE,83,6,,
09/16/2018,2018,2,FALSE,Dallas Cowboys,20,13,New York Giants,DAL,-3,42,AT&T Stadium,FALSE,72,0,,DOME
09/16/2018,2018,2,FALSE,Denver Broncos,20,19,Oakland Raiders,DEN,-5.5,44,Sports Authority Field at Mile High,FALSE,92,4,,
09/16/2018,2018,2,FALSE,Green Bay Packers,29,29,Minnesota Vikings,MIN,-2,45,Lambeau Field,FALSE,80,5,,
09/16/2018,2018,2,FALSE,Jacksonville Jaguars,31,20,New England Patriots,NE,-2,44.5,EverBank Field,FALSE,97,15,,Rain
09/16/2018,2018,2,FALSE,Los Angeles Rams,34,0,Arizona Cardinals,LAR,-13.5,43.5,Los Angeles Memorial Coliseum,FALSE,86,2,,
09/16/2018,2018,2,FALSE,New Orleans Saints,21,18,Cleveland Browns,NO,-10,51,Mercedes-Benz Superdome,FALSE,72,0,,DOME
09/16/2018,2018,2,FALSE,New York Jets,12,20,Miami Dolphins,NYJ,-3,43,MetLife Stadium,FALSE,80,4,,
09/16/2018,2018,2,FALSE,Pittsburgh Steelers,37,42,Kansas City Chiefs,PIT,-4.5,52,Heinz Field,FALSE,80,10,,
09/16/2018,2018,2,FALSE,San Francisco 49ers,30,27,Detroit Lions,SF,-6,48.5,Levi's Stadium,FALSE,73,12,,
09/16/2018,2018,2,FALSE,Tampa Bay Buccaneers,27,21,Philadelphia Eagles,PHI,-3,46.5,Raymond James Stadium,FALSE,91,9,,
09/16/2018,2018,2,FALSE,Tennessee Titans,20,17,Houston Texans,HOU,-3.5,41,Nissan Stadium,FALSE,81,12,,
09/16/2018,2018,2,FALSE,Washington Redskins,9,21,Indianapolis Colts,WAS,-6,48,FedEx Field,FALSE,71,5,,
09/17/2018,2018,2,FALSE,Chicago Bears,24,17,Seattle Seahawks,CHI,-4.5,42.5,Soldier Field,FALSE,79,2,,
09/20/2018,2018,3,FALSE,Cleveland Browns,21,17,New York Jets,CLE,-3,41,FirstEnergy Stadium,FALSE,83,11,,
09/23/2018,2018,3,FALSE,Arizona Cardinals,14,16,Chicago Bears,CHI,-5.5,39,University of Phoenix Stadium,FALSE,72,0,,DOME
09/23/2018,2018,3,FALSE,Atlanta Falcons,37,43,New Orleans Saints,ATL,-1.5,54,Mercedes-Benz Stadium,FALSE,72,0,,DOME
09/23/2018,2018,3,FALSE,Baltimore Ravens,27,14,Denver Broncos,BAL,-5.5,46,M&T Bank Stadium,FALSE,61,5,,Rain
09/23/2018,2018,3,FALSE,Carolina Panthers,31,21,Cincinnati Bengals,CAR,-2.5,44,Bank of America Stadium,FALSE,80,3,,
09/23/2018,2018,3,FALSE,Detroit Lions,26,10,New England Patriots,NE,-7,55,Ford Field,FALSE,72,0,,DOME
09/23/2018,2018,3,FALSE,Houston Texans,22,27,New York Giants,HOU,-6.5,44,NRG Stadium,FALSE,72,0,,DOME
09/23/2018,2018,3,FALSE,Jacksonville Jaguars,6,9,Tennessee Titans,JAX,-10,39,TIAA Bank Field,FALSE,89,10,,
09/23/2018,2018,3,FALSE,Kansas City Chiefs,38,27,San Francisco 49ers,KC,-5.5,53,Arrowhead Stadium,FALSE,70,4,,
09/23/2018,2018,3,FALSE,Los Angeles Rams,35,23,Los Angeles Chargers,LAR,-7.5,49,Los Angeles Memorial Coliseum,FALSE,80,5,,
09/23/2018,2018,3,FALSE,Miami Dolphins,28,20,Oakland Raiders,MIA,-3,46,Hard Rock Stadium,FALSE,90,7,,
09/23/2018,2018,3,FALSE,Minnesota Vikings,6,27,Buffalo Bills,MIN,-16.5,41,U.S. Bank Stadium,FALSE,72,0,,DOME
09/23/2018,2018,3,FALSE,Philadelphia Eagles,20,16,Indianapolis Colts,PHI,-6.5,45.5,Lincoln Financial Field,FALSE,61,5,,Rain
09/23/2018,2018,3,FALSE,Seattle Seahawks,24,13,Dallas Cowboys,SEA,-1,40,CenturyLink Field,FALSE,61,4,,
09/23/2018,2018,3,FALSE,Washington Redskins,31,17,Green Bay Packers,GB,-2.5,45.5,FedEx Field,FALSE,62,6,,Rain
09/24/2018,2018,3,FALSE,Tampa Bay Buccaneers,27,30,Pittsburgh Steelers,PIT,-1,55,Raymond James Stadium,FALSE,77,5,,
09/27/2018,2018,4,FALSE,Los Angeles Rams,38,31,Minnesota Vikings,LAR,-7.5,48.5,Los Angeles Memorial Coliseum,FALSE,75,3,,
09/30/2018,2018,4,FALSE,Arizona Cardinals,17,20,Seattle Seahawks,SEA,-3.5,40,University of Phoenix Stadium,FALSE,72,0,,DOME
09/30/2018,2018,4,FALSE,Atlanta Falcons,36,37,Cincinnati Bengals,ATL,-3.5,52.5,Mercedes-Benz Stadium,FALSE,72,0,,DOME
09/30/2018,2018,4,FALSE,Chicago Bears,48,10,Tampa Bay Buccaneers,CHI,-3,46,Soldier Field,FALSE,66,5,,
09/30/2018,2018,4,FALSE,Dallas Cowboys,26,24,Detroit Lions,DAL,-2.5,43.5,AT&T Stadium,FALSE,72,0,,DOME
09/30/2018,2018,4,FALSE,Green Bay Packers,22,0,Buffalo Bills,GB,-8.5,43.5,Lambeau Field,FALSE,49,9,,
09/30/2018,2018,4,FALSE,Indianapolis Colts,34,37,Houston Texans,IND,-1,48,Lucas Oil Stadium,FALSE,72,0,,DOME
09/30/2018,2018,4,FALSE,Jacksonville Jaguars,31,12,New York Jets,JAX,-7.5,40.5,TIAA Bank Field,FALSE,86,10,,
09/30/2018,2018,4,FALSE,Los Angeles Chargers,29,27,San Francisco 49ers,LAC,-10.5,46,StubHub Center,FALSE,78,9,,
09/30/2018,2018,4,FALSE,New England Patriots,38,7,Miami Dolphins,NE,-6.5,50.5,Gillette Stadium,FALSE,65,6,,
09/30/2018,2018,4,FALSE,New York Giants,18,33,New Orleans Saints,NO,-3.5,51.5,MetLife Stadium,FALSE,71,7,,
09/30/2018,2018,4,FALSE,Oakland Raiders,45,42,Cleveland Browns,OAK,-2.5,44.5,Oakland Coliseum,FALSE,71,8,,
09/30/2018,2018,4,FALSE,Pittsburgh Steelers,14,26,Baltimore Ravens,PIT,-3,51,Heinz Field,FALSE,69,2,,
09/30/2018,2018,4,FALSE,Tennessee Titans,26,23,Philadelphia Eagles,PHI,-3,41.5,Nissan Stadium,FALSE,80,4,,
10/01/2018,2018,4,FALSE,Denver Broncos,23,27,Kansas City Chiefs,KC,-3.5,53.5,Sports Authority Field at Mile High,FALSE,65,5,,
10/04/2018,2018,5,FALSE,New England Patriots,38,24,Indianapolis Colts,NE,-10.5,49.5,Gillette Stadium,FALSE,66,6,,
10/07/2018,2018,5,FALSE,Buffalo Bills,13,12,Tennessee Titans,TEN,-6,38.5,New Era Field,FALSE,62,8,,
10/07/2018,2018,5,FALSE,Carolina Panthers,33,31,New York Giants,CAR,-7,43.5,Bank of America Stadium,FALSE,80,3,,
10/07/2018,2018,5,FALSE,Cincinnati Bengals,27,17,Miami Dolphins,CIN,-6.5,47.5,Paul Brown Stadium,FALSE,87,4,,
10/07/2018,2018,5,FALSE,Cleveland Browns,12,9,Baltimore Ravens,BAL,-3,44.5,FirstEnergy Stadium,FALSE,72,5,,
10/07/2018,2018,5,FALSE,Detroit Lions,31,23,Green Bay Packers,GB,-1,50,Ford Field,FALSE,72,0,,DOME
10/07/2018,2018,5,FALSE,Houston Texans,19,16,Dallas Cowboys,HOU,-3.5,45.5,NRG Stadium,FALSE,72,0,,DOME
10/07/2018,2018,5,FALSE,Kansas City Chiefs,30,14,Jacksonville Jaguars,KC,-3,48,Arrowhead Stadium,FALSE,58,5,,Rain
10/07/2018,2018,5,FALSE,Los Angeles Chargers,26,10,Oakland Raiders,LAC,-5,52,StubHub Center,FALSE,75,10,,
10/07/2018,2018,5,FALSE,New York Jets,34,16,Denver Broncos,NYJ,-1,43,MetLife Stadium,FALSE,77,7,,
10/07/2018,2018,5,FALSE,Philadelphia Eagles,21,23,Minnesota Vikings,PHI,-3.5,48,Lincoln Financial Field,FALSE,79,6,,
10/07/2018,2018,5,FALSE,Pittsburgh Steelers,41,17,Atlanta Falcons,PIT,-3.5,57,Heinz Field,FALSE,83,5,,
10/07/2018,2018,5,FALSE,San Francisco 49ers,18,28,Arizona Cardinals,SF,-3,40.5,Levi's Stadium,FALSE,79,15,,
10/07/2018,2018,5,FALSE,Seattle Seahawks,31,33,Los Angeles Rams,LAR,-7.5,50.5,CenturyLink Field,FALSE,53,5,,
10/08/2018,2018,5,FALSE,New Orleans Saints,43,19,Washington Redskins,NO,-5.5,51.5,Mercedes-Benz Superdome,FALSE,72,0,,DOME
10/11/2018,2018,6,FALSE,New York Giants,13,34,Philadelphia Eagles,PHI,-1.5,45,MetLife Stadium,FALSE,70,3,,Rain
10/14/2018,2018,6,FALSE,Atlanta Falcons,34,29,Tampa Bay Buccaneers,ATL,-3,57,Mercedes-Benz Stadium,FALSE,72,0,,DOME
10/14/2018,2018,6,FALSE,Cincinnati Bengals,21,28,Pittsburgh Steelers,CIN,-1.5,49.5,Paul Brown Stadium,FALSE,51,6,,
10/14/2018,2018,6,FALSE,Cleveland Browns,14,38,Los Angeles Chargers,CLE,-1,47,FirstEnergy Stadium,FALSE,57,12,,
10/14/2018,2018,6,FALSE,Dallas Cowboys,40,7,Jacksonville Jaguars,JAX,-3,39,AT&T Stadium,FALSE,72,0,,DOME
10/14/2018,2018,6,FALSE,Denver Broncos,20,23,Los Angeles Rams,LAR,-7,50,Sports Authority Field at Mile High,FALSE,25,6,,
10/14/2018,2018,6,FALSE,Houston Texans,20,13,Buffalo Bills,HOU,-10.5,40.5,NRG Stadium,FALSE,72,0,,DOME
10/14/2018,2018,6,FALSE,Miami Dolphins,31,28,Chicago Bears,CHI,-7.5,40.5,Hard Rock Stadium,FALSE,89,8,,
10/14/2018,2018,6,FALSE,Minnesota Vikings,27,17,Arizona Cardinals,MIN,-10,43.5,U.S. Bank Stadium,FALSE,72,0,,DOME
10/14/2018,2018,6,FALSE,New England Patriots,43,40,Kansas City Chiefs,NE,-3.5,59.5,Gillette Stadium,FALSE,45,0,,
10/14/2018,2018,6,FALSE,New York Jets,42,34,Indianapolis Colts,NYJ,-2.5,47.5,MetLife Stadium,FALSE,60,7,,
10/14/2018,2018,6,FALSE,Oakland Raiders,3,27,Seattle Seahawks,SEA,-3,48,Tottenham Stadium,TRUE,50,12,,Rain
10/14/2018,2018,6,FALSE,Tennessee Titans,0,21,Baltimore Ravens,BAL,-2.5,43.5,Nissan Stadium,FALSE,66,4,,
10/14/2018,2018,6,FALSE,Washington Redskins,23,17,Carolina Panthers,CAR,-1,44.5,FedEx Field,FALSE,52,0,,
10/15/2018,2018,6,FALSE,Green Bay Packers,33,30,San Francisco 49ers,GB,-9,46.5,Lambeau Field,FALSE,37,5,,
10/18/2018,2018,7,FALSE,Arizona Cardinals,10,45,Denver Broncos,DEN,-1,42.5,University of Phoenix Stadium,FALSE,72,0,,DOME
10/21/2018,2018,7,FALSE,Baltimore Ravens,23,24,New Orleans Saints,BAL,-2.5,49,M&T Bank Stadium,FALSE,54,15,,
10/21/2018,2018,7,FALSE,Chicago Bears,31,38,New England Patriots,NE,-1,48.5,Soldier Field,FALSE,44,9,,
10/21/2018,2018,7,FALSE,Indianapolis Colts,37,5,Buffalo Bills,IND,-7,43.5,Lucas Oil Stadium,FALSE,72,0,,DOME
10/21/2018,2018,7,FALSE,Jacksonville Jaguars,7,20,Houston Texans,JAX,-3.5,42.5,TIAA Bank Field,FALSE,68,15,,
10/21/2018,2018,7,FALSE,Kansas City Chiefs,45,10,Cincinnati Bengals,KC,-6.5,56,Arrowhead Stadium,FALSE,59,10,,
10/21/2018,2018,7,FALSE,Los Angeles Chargers,20,19,Tennessee Titans,LAC,-6.5,46,Wembley Stadium,TRUE,66,6,,
10/21/2018,2018,7,FALSE,Miami Dolphins,21,32,Detroit Lions,DET,-3,47,Hard Rock Stadium,FALSE,89,8,,
10/21/2018,2018,7,FALSE,New York Jets,17,37,Minnesota Vikings,MIN,-3.5,45,MetLife Stadium,FALSE,46,16,,
10/21/2018,2018,7,FALSE,Philadelphia Eagles,17,21,Carolina Panthers,PHI,-5,45,Lincoln Financial Field,FALSE,49,19,,
10/21/2018,2018,7,FALSE,San Francisco 49ers,10,39,Los Angeles Rams,LAR,-8,52,Levi's Stadium,FALSE,62,5,,
10/21/2018,2018,7,FALSE,Tampa Bay Buccaneers,26,23,Cleveland Browns,TB,-3.5,52.5,Raymond James Stadium,FALSE,79,7,,
10/21/2018,2018,7,FALSE,Washington Redskins,20,17,Dallas Cowboys,DAL,-1,40.5,FedEx Field,FALSE,52,12,,
10/22/2018,2018,7,FALSE,Atlanta Falcons,23,20,New York Giants,ATL,-4,53,Mercedes-Benz Stadium,FALSE,72,0,,DOME
10/25/2018,2018,8,FALSE,Houston Texans,42,23,Miami Dolphins,HOU,-7.5,45,NRG Stadium,FALSE,72,0,,DOME
10/28/2018,2018,8,FALSE,Arizona Cardinals,18,15,San Francisco 49ers,ARI,-2.5,40,University of Phoenix Stadium,FALSE,72,0,,DOME
10/28/2018,2018,8,FALSE,Carolina Panthers,36,21,Baltimore Ravens,BAL,-2.5,44,Bank of America Stadium,FALSE,61,10,,
10/28/2018,2018,8,FALSE,Chicago Bears,24,10,New York Jets,CHI,-8.5,42.5,Soldier Field,FALSE,48,18,,
10/28/2018,2018,8,FALSE,Cincinnati Bengals,37,34,Tampa Bay Buccaneers,CIN,-3.5,55,Paul Brown Stadium,FALSE,55,7,,
10/28/2018,2018,8,FALSE,Detroit Lions,14,28,Seattle Seahawks,DET,-3,48,Ford Field,FALSE,72,0,,DOME
10/28/2018,2018,8,FALSE,Jacksonville Jaguars,18,24,Philadelphia Eagles,PHI,-3.5,44,Wembley Stadium,TRUE,48,12,,
10/28/2018,2018,8,FALSE,Kansas City Chiefs,30,23,Denver Broncos,KC,-8.5,53,Arrowhead Stadium,FALSE,56,12,,
10/28/2018,2018,8,FALSE,Los Angeles Rams,29,27,Green Bay Packers,LAR,-7.5,57,Los Angeles Memorial Coliseum,FALSE,82,1,,
10/28/2018,2018,8,FALSE,Minnesota Vikings,20,30,New Orleans Saints,MIN,-2.5,53.5,U.S. Bank Stadium,FALSE,72,0,,DOME
10/28/2018,2018,8,FALSE,New York Giants,13,20,Washington Redskins,WAS,-1,44,MetLife Stadium,FALSE,51,11,,
10/28/2018,2018,8,FALSE,Oakland Raiders,28,42,Indianapolis Colts,IND,-3.5,51,Oakland Coliseum,FALSE,69,8,,
10/28/2018,2018,8,FALSE,Pittsburgh Steelers,33,18,Cleveland Browns,PIT,-8.5,47.5,Heinz Field,FALSE,47,11,,
10/29/2018,2018,8,FALSE,Buffalo Bills,6,25,New England Patriots,NE,-13.5,44.5,New Era Field,FALSE,46,16,,
11/01/2018,2018,9,FALSE,San Francisco 49ers,34,3,Oakland Raiders,OAK,-1.5,44,Levi's Stadium,FALSE,82,8,,
11/04/2018,2018,9,FALSE,Baltimore Ravens,16,23,Pittsburgh Steelers,BAL,-1.5,46.5,M&T Bank Stadium,FALSE,55,6,,
11/04/2018,2018,9,FALSE,Buffalo Bills,9,41,Chicago Bears,CHI,-10.5,38,New Era Field,FALSE,49,12,,
11/04/2018,2018,9,FALSE,Carolina Panthers,42,28,Tampa Bay Buccaneers,CAR,-6,55.5,Bank of America Stadium,FALSE,62,8,,
11/04/2018,2018,9,FALSE,Cleveland Browns,21,37,Kansas City Chiefs,KC,-7.5,51.5,FirstEnergy Stadium,FALSE,53,16,,
11/04/2018,2018,9,FALSE,Denver Broncos,17,19,Houston Texans,DEN,-1,46.5,Sports Authority Field at Mile High,FALSE,53,3,,
11/04/2018,2018,9,FALSE,Miami Dolphins,13,6,New York Jets,MIA,-3,43,Hard Rock Stadium,FALSE,87,16,,
11/04/2018,2018,9,FALSE,Minnesota Vikings,24,9,Detroit Lions,MIN,-4.5,47.5,U.S. Bank Stadium,FALSE,72,0,,DOME
11/04/2018,2018,9,FALSE,New England Patriots,31,17,Green Bay Packers,NE,-5,56,Gillette Stadium,FALSE,40,2,,
11/04/2018,2018,9,FALSE,New Orleans Saints,45,35,Los Angeles Rams,LAR,-1.5,57,Mercedes-Benz Superdome,FALSE,72,0,,DOME
11/04/2018,2018,9,FALSE,Seattle Seahawks,17,25,Los Angeles Chargers,SEA,-1,48,CenturyLink Field,FALSE,56,4,,Rain
11/04/2018,2018,9,FALSE,Washington Redskins,14,38,Atlanta Falcons,WAS,-1.5,46.5,FedEx Field,FALSE,55,5,,
11/05/2018,2018,9,FALSE,Dallas Cowboys,14,28,Tennessee Titans,DAL,-4.5,40.5,AT&T Stadium,FALSE,72,0,,DOME
11/08/2018,2018,10,FALSE,Pittsburgh Steelers,52,21,Carolina Panthers,PIT,-3.5,51,Heinz Field,FALSE,40,4,,
11/11/2018,2018,10,FALSE,Chicago Bears,34,22,Detroit Lions,CHI,-7.5,44.5,Soldier Field,FALSE,37,12,,
11/11/2018,2018,10,FALSE,Cincinnati Bengals,14,51,New Orleans Saints,NO,-6,53.5,Paul Brown Stadium,FALSE,39,6,,
11/11/2018,2018,10,FALSE,Cleveland Browns,28,16,Atlanta Falcons,ATL,-5.5,49.5,FirstEnergy Stadium,FALSE,36,9,,
11/11/2018,2018,10,FALSE,Green Bay Packers,31,12,Miami Dolphins,GB,-11,48.5,Lambeau Field,FALSE,33,6,,
11/11/2018,2018,10,FALSE,Indianapolis Colts,29,26,Jacksonville Jaguars,IND,-3,48,Lucas Oil Stadium,FALSE,72,0,,DOME
11/11/2018,2018,10,FALSE,Kansas City Chiefs,26,14,Arizona Cardinals,KC,-16.5,49.5,Arrowhead Stadium,FALSE,43,5,,
11/11/2018,2018,10,FALSE,Los Angeles Rams,36,31,Seattle Seahawks,LAR,-10,51,Los Angeles Memorial Coliseum,FALSE,75,1,,
11/11/2018,2018,10,FALSE,New York Jets,10,41,Buffalo Bills,NYJ,-7,38,MetLife Stadium,FALSE,46,10,,
11/11/2018,2018,10,FALSE,Oakland Raiders,6,20,Los Angeles Chargers,LAC,-10.5,50,Oakland Coliseum,FALSE,69,16,,
11/11/2018,2018,10,FALSE,Philadelphia Eagles,20,27,Dallas Cowboys,PHI,-7.5,45.5,Lincoln Financial Field,FALSE,38,5,,
11/11/2018,2018,10,FALSE,Tampa Bay Buccaneers,3,16,Washington Redskins,TB,-3.5,51,Raymond James Stadium,FALSE,82,3,,
11/11/2018,2018,10,FALSE,Tennessee Titans,34,10,New England Patriots,NE,-6.5,47,Nissan Stadium,FALSE,46,4,,
11/12/2018,2018,10,FALSE,San Francisco 49ers,23,27,New York Giants,SF,-3,45,Levi's Stadium,FALSE,62,0,,
11/15/2018,2018,11,FALSE,Seattle Seahawks,27,24,Green Bay Packers,SEA,-3,49,CenturyLink Field,FALSE,54,6,,
11/18/2018,2018,11,FALSE,Arizona Cardinals,21,23,Oakland Raiders,ARI,-4.5,41,University of Phoenix Stadium,FALSE,72,0,,DOME
11/18/2018,2018,11,FALSE,Atlanta Falcons,19,22,Dallas Cowboys,ATL,-3.5,50,Mercedes-Benz Stadium,FALSE,72,0,,DOME
11/18/2018,2018,11,FALSE,Baltimore Ravens,24,21,Cincinnati Bengals,BAL,-6.5,44,M&T Bank Stadium,FALSE,48,8,,
11/18/2018,2018,11,FALSE,Chicago Bears,25,20,Minnesota Vikings,CHI,-2.5,44,Soldier Field,FALSE,33,6,,
11/18/2018,2018,11,FALSE,Detroit Lions,20,19,Carolina Panthers,CAR,-4,48,Ford Field,FALSE,72,0,,DOME
11/18/2018,2018,11,FALSE,Indianapolis Colts,38,10,Tennessee Titans,IND,-1,50,Lucas Oil Stadium,FALSE,72,0,,DOME
11/18/2018,2018,11,FALSE,Jacksonville Jaguars,16,20,Pittsburgh Steelers,PIT,-4,47,TIAA Bank Field,FALSE,73,8,,
11/18/2018,2018,11,FALSE,Los Angeles Chargers,22,23,Denver Broncos,LAC,-7.5,46.5,StubHub Center,FALSE,69,4,,
11/18/2018,2018,11,FALSE,New Orleans Saints,48,7,Philadelphia Eagles,NO,-7,56.5,Mercedes-Benz Superdome,FALSE,72,0,,DOME
11/18/2018,2018,11,FALSE,New York Giants,38,35,Tampa Bay Buccaneers,NYG,-3,53.5,MetLife Stadium,FALSE,42,1,,
11/18/2018,2018,11,FALSE,Washington Redskins,21,23,Houston Texans,HOU,-3,40.5,FedEx Field,FALSE,48,6,,
11/19/2018,2018,11,FALSE,Los Angeles Rams,54,51,Kansas City Chiefs,LAR,-3,63.5,Los Angeles Memorial Coliseum,FALSE,69,1,,
11/22/2018,2018,12,FALSE,Dallas Cowboys,31,23,Washington Redskins,DAL,-7,40,AT&T Stadium,FALSE,72,0,,DOME
11/22/2018,2018,12,FALSE,Detroit Lions,16,23,Chicago Bears,CHI,-3,43,Ford Field,FALSE,72,0,,DOME
11/22/2018,2018,12,FALSE,New Orleans Saints,31,17,Atlanta Falcons,NO,-11.5,61.5,Mercedes-Benz Superdome,FALSE,72,0,,DOME
11/25/2018,2018,12,FALSE,Baltimore Ravens,34,17,Oakland Raiders,BAL,-13,42,M&T Bank Stadium,FALSE,60,7,,
11/25/2018,2018,12,FALSE,Buffalo Bills,24,21,Jacksonville Jaguars,JAX,-3,36.5,New Era Field,FALSE,44,12,,
11/25/2018,2018,12,FALSE,Carolina Panthers,27,30,Seattle Seahawks,CAR,-3,46.5,Bank of America Stadium,FALSE,57,1,,
11/25/2018,2018,12,FALSE,Cincinnati Bengals,20,35,Cleveland Browns,CLE,-1,46.5,Paul Brown Stadium,FALSE,44,4,,
11/25/2018,2018,12,FALSE,Denver Broncos,24,17,Pittsburgh Steelers,PIT,-3,47.5,Sports Authority Field at Mile High,FALSE,41,7,,
11/25/2018,2018,12,FALSE,Indianapolis Colts,27,24,Miami Dolphins,IND,-9,52.5,Lucas Oil Stadium,FALSE,72,0,,DOME
11/25/2018,2018,12,FALSE,Los Angeles Chargers,45,10,Arizona Cardinals,LAC,-14,43,StubHub Center,FALSE,74,3,,
11/25/2018,2018,12,FALSE,Minnesota Vikings,24,17,Green Bay Packers,MIN,-3.5,48,U.S. Bank Stadium,FALSE,72,0,,DOME
11/25/2018,2018,12,FALSE,New York Jets,13,27,New England Patriots,NE,-13,46.5,MetLife Stadium,FALSE,54,8,,
11/25/2018,2018,12,FALSE,Philadelphia Eagles,25,22,New York Giants,PHI,-4.5,49,Lincoln Financial Field,FALSE,56,10,,
11/25/2018,2018,12,FALSE,Tampa Bay Buccaneers,27,9,San Francisco 49ers,TB,-1.5,54.5,Raymond James Stadium,FALSE,77,7,,
11/26/2018,2018,12,FALSE,Houston Texans,34,17,Tennessee Titans,HOU,-3.5,42.5,NRG Stadium,FALSE,72,0,,DOME
11/29/2018,2018,13,FALSE,Dallas Cowboys,13,10,New Orleans Saints,NO,-7.5,51.5,AT&T Stadium,FALSE,72,0,,DOME
12/02/2018,2018,13,FALSE,Atlanta Falcons,16,26,Baltimore Ravens,ATL,-2.5,46.5,Mercedes-Benz Stadium,FALSE,72,0,,DOME
12/02/2018,2018,13,FALSE,Cincinnati Bengals,10,24,Denver Broncos,DEN,-4,45,Paul Brown Stadium,FALSE,63,12,,
12/02/2018,2018,13,FALSE,Detroit Lions,16,30,Los Angeles Rams,LAR,-10.5,54,Ford Field,FALSE,72,0,,DOME
12/02/2018,2018,13,FALSE,Green Bay Packers,17,20,Arizona Cardinals,GB,-13.5,41,Lambeau Field,FALSE,34,20,,Rain
12/02/2018,2018,13,FALSE,Houston Texans,29,13,Cleveland Browns,HOU,-5,47.5,NRG Stadium,FALSE,72,0,,DOME
12/02/2018,2018,13,FALSE,Jacksonville Jaguars,6,0,Indianapolis Colts,IND,-4,45.5,TIAA Bank Field,FALSE,78,13,,Rain
12/02/2018,2018,13,FALSE,Miami Dolphins,21,17,Buffalo Bills,MIA,-3.5,40,Hard Rock Stadium,FALSE,86,15,,
12/02/2018,2018,13,FALSE,New England Patriots,24,10,Minnesota Vikings,NE,-6,49.5,Gillette Stadium,FALSE,53,6,,
12/02/2018,2018,13,FALSE,New York Giants,30,27,Chicago Bears,CHI,-4,44,MetLife Stadium,FALSE,52,3,,Fog
12/02/2018,2018,13,FALSE,Oakland Raiders,33,40,Kansas City Chiefs,KC,-14,53.5,Oakland Coliseum,FALSE,57,6,,
12/02/2018,2018,13,FALSE,Pittsburgh Steelers,30,33,Los Angeles Chargers,PIT,-3,52.5,Heinz Field,FALSE,57,8,,
12/02/2018,2018,13,FALSE,Seattle Seahawks,43,16,San Francisco 49ers,SEA,-10,45.5,CenturyLink Field,FALSE,45,2,,
12/02/2018,2018,13,FALSE,Tampa Bay Buccaneers,24,17,Carolina Panthers,CAR,-3.5,52,Raymond James Stadium,FALSE,81,15,,
12/02/2018,2018,13,FALSE,Tennessee Titans,26,22,New York Jets,TEN,-10.5,40.5,Nissan Stadium,FALSE,70,13,,
12/03/2018,2018,13,FALSE,Philadelphia Eagles,28,13,Washington Redskins,PHI,-5.5,45,Lincoln Financial Field,FALSE,36,15,,
12/06/2018,2018,14,FALSE,Tennessee Titans,30,9,Jacksonville Jaguars,TEN,-5.5,37.5,Nissan Stadium,FALSE,44,5,,
12/09/2018,2018,14,FALSE,Arizona Cardinals,3,17,Detroit Lions,DET,-2.5,40.5,University of Phoenix Stadium,FALSE,72,0,,DOME
12/09/2018,2018,14,FALSE,Buffalo Bills,23,27,New York Jets,BUF,-4.5,37,New Era Field,FALSE,31,12,,
12/09/2018,2018,14,FALSE,Chicago Bears,15,6,Los Angeles Rams,LAR,-3,51,Soldier Field,FALSE,29,4,,
12/09/2018,2018,14,FALSE,Cleveland Browns,26,20,Carolina Panthers,CAR,-1,47.5,FirstEnergy Stadium,FALSE,28,4,,
12/09/2018,2018,14,FALSE,Dallas Cowboys,29,23,Philadelphia Eagles,DAL,-3.5,45.5,AT&T Stadium,FALSE,72,0,,DOME
12/09/2018,2018,14,FALSE,Green Bay Packers,34,20,Atlanta Falcons,GB,-4,50.5,Lambeau Field,FALSE,25,10,,
12/09/2018,2018,14,FALSE,Houston Texans,21,24,Indianapolis Colts,HOU,-4,49,NRG Stadium,FALSE,72,0,,DOME
12/09/2018,2018,14,FALSE,Kansas City Chiefs,27,24,Baltimore Ravens,KC,-6.5,48.5,Arrowhead Stadium,FALSE,27,0,,
12/09/2018,2018,14,FALSE,Los Angeles Chargers,26,21,Cincinnati Bengals,LAC,-17,48.5,StubHub Center,FALSE,70,1,,
12/09/2018,2018,14,FALSE,Miami Dolphins,34,33,New England Patriots,NE,-9.5,49.5,Hard Rock Stadium,FALSE,82,13,,
12/09/2018,2018,14,FALSE,Oakland Raiders,24,21,Pittsburgh Steelers,PIT,-10.5,51,Oakland Coliseum,FALSE,55,8,,
12/09/2018,2018,14,FALSE,San Francisco 49ers,20,14,Denver Broncos,DEN,-3,45.5,Levi's Stadium,FALSE,54,3,,
12/09/2018,2018,14,FALSE,Tampa Bay Buccaneers,14,28,New Orleans Saints,NO,-10,54,Raymond James Stadium,FALSE,71,7,,Rain
12/09/2018,2018,14,FALSE,Washington Redskins,16,40,New York Giants,NYG,-3,40.5,FedEx Field,FALSE,33,6,,
12/10/2018,2018,14,FALSE,Seattle Seahawks,21,7,Minnesota Vikings,SEA,-3,45.5,CenturyLink Field,FALSE,48,9,,
12/13/2018,2018,15,FALSE,Kansas City Chiefs,28,29,Los Angeles Chargers,KC,-3.5,54,Arrowhead Stadium,FALSE,39,5,,Rain
12/15/2018,2018,15,FALSE,Denver Broncos,16,17,Cleveland Browns,DEN,-1,47,Sports Authority Field at Mile High,FALSE,46,0,,
12/15/2018,2018,15,FALSE,New York Jets,22,29,Houston Texans,HOU,-7,44,MetLife Stadium,FALSE,51,8,,Rain
12/16/2018,2018,15,FALSE,Atlanta Falcons,40,14,Arizona Cardinals,ATL,-10,43.5,Mercedes-Benz Stadium,FALSE,72,0,,DOME
12/16/2018,2018,15,FALSE,Baltimore Ravens,20,12,Tampa Bay Buccaneers,BAL,-8.5,45,M&T Bank Stadium,FALSE,43,10,,Rain
12/16/2018,2018,15,FALSE,Buffalo Bills,14,13,Detroit Lions,BUF,-2.5,40,New Era Field,FALSE,39,7,,Rain
12/16/2018,2018,15,FALSE,Chicago Bears,24,17,Green Bay Packers,CHI,-5.5,46.5,Soldier Field,FALSE,45,10,,
12/16/2018,2018,15,FALSE,Cincinnati Bengals,30,16,Oakland Raiders,CIN,-3,46,Paul Brown Stadium,FALSE,43,2,,
12/16/2018,2018,15,FALSE,Indianapolis Colts,23,0,Dallas Cowboys,IND,-3,46.5,Lucas Oil Stadium,FALSE,72,0,,DOME
12/16/2018,2018,15,FALSE,Jacksonville Jaguars,13,16,Washington Redskins,JAX,-7.5,36.5,TIAA Bank Field,FALSE,64,12,,
12/16/2018,2018,15,FALSE,Los Angeles Rams,23,30,Philadelphia Eagles,LAR,-13.5,52.5,Los Angeles Memorial Coliseum,FALSE,60,5,,
12/16/2018,2018,15,FALSE,Minnesota Vikings,41,17,Miami Dolphins,MIN,-7.5,45,U.S. Bank Stadium,FALSE,72,0,,DOME
12/16/2018,2018,15,FALSE,New York Giants,0,17,Tennessee Titans,TEN,-2.5,42,MetLife Stadium,FALSE,40,6,,Rain
12/16/2018,2018,15,FALSE,Pittsburgh Steelers,17,10,New England Patriots,NE,-2.5,56,Heinz Field,FALSE,42,5,,
12/16/2018,2018,15,FALSE,San Francisco 49ers,26,23,Seattle Seahawks,SEA,-3.5,44,Levi's Stadium,FALSE,61,11,,
12/17/2018,2018,15,FALSE,Carolina Panthers,9,12,New Orleans Saints,NO,-6,50.5,Bank of America Stadium,FALSE,48,3,,
12/22/2018,2018,16,FALSE,Los Angeles Chargers,10,22,Baltimore Ravens,LAC,-4,42.5,StubHub Center,FALSE,60,5,,
12/22/2018,2018,16,FALSE,Tennessee Titans,25,16,Washington Redskins,TEN,-11.5,37.5,Nissan Stadium,FALSE,51,9,,
12/23/2018,2018,16,FALSE,Arizona Cardinals,9,31,Los Angeles Rams,LAR,-14.5,43,University of Phoenix Stadium,FALSE,72,0,,DOME
12/23/2018,2018,16,FALSE,Carolina Panthers,10,24,Atlanta Falcons,ATL,-3,46,Bank of America Stadium,FALSE,52,7,,
12/23/2018,2018,16,FALSE,Cleveland Browns,26,18,Cincinnati Bengals,CLE,-10,44,FirstEnergy Stadium,FALSE,37,9,,
12/23/2018,2018,16,FALSE,Dallas Cowboys,27,20,Tampa Bay Buccaneers,DAL,-7.5,48,AT&T Stadium,FALSE,72,0,,DOME
12/23/2018,2018,16,FALSE,Detroit Lions,9,27,Minnesota Vikings,MIN,-6.5,42.5,Ford Field,FALSE,72,0,,DOME
12/23/2018,2018,16,FALSE,Indianapolis Colts,28,27,New York Giants,IND,-10,48.5,Lucas Oil Stadium,FALSE,72,0,,DOME
12/23/2018,2018,16,FALSE,Miami Dolphins,7,17,Jacksonville Jaguars,MIA,-3,39.5,Hard Rock Stadium,FALSE,73,9,,
12/23/2018,2018,16,FALSE,New England Patriots,24,12,Buffalo Bills,NE,-13.5,45,Gillette Stadium,FALSE,40,12,,
12/23/2018,2018,16,FALSE,New Orleans Saints,31,28,Pittsburgh Steelers,NO,-6.5,53,Mercedes-Benz Superdome,FALSE,72,0,,DOME
12/23/2018,2018,16,FALSE,New York Jets,38,44,Green Bay Packers,GB,-3,47.5,MetLife Stadium,FALSE,43,8,,
12/23/2018,2018,16,FALSE,Philadelphia Eagles,32,30,Houston Texans,PHI,-1,46.5,Lincoln Financial Field,FALSE,44,5,,
12/23/2018,2018,16,FALSE,San Francisco 49ers,9,14,Chicago Bears,CHI,-4,44,Levi's Stadium,FALSE,50,5,,
12/23/2018,2018,16,FALSE,Seattle Seahawks,38,31,Kansas City Chiefs,KC,-1,54.5,CenturyLink Field,FALSE,43,8,,
12/24/2018,2018,16,FALSE,Oakland Raiders,27,14,Denver Broncos,DEN,-2.5,42.5,Oakland Coliseum,FALSE,58,14,,Rain
12/30/2018,2018,17,FALSE,Baltimore Ravens,26,24,Cleveland Browns,BAL,-7,41,M&T Bank Stadium,FALSE,48,2,,
12/30/2018,2018,17,FALSE,Buffalo Bills,42,17,Miami Dolphins,BUF,-5.5,39.5,New Era Field,FALSE,33,9,,
12/30/2018,2018,17,FALSE,Denver Broncos,9,23,Los Angeles Chargers,LAC,-7,43.5,Sports Authority Field at Mile High,FALSE,51,6,,
12/30/2018,2018,17,FALSE,Green Bay Packers,0,31,Detroit Lions,GB,-7.5,44.5,Lambeau Field,FALSE,26,15,,
12/30/2018,2018,17,FALSE,Houston Texans,20,3,Jacksonville Jaguars,HOU,-7,39.5,NRG Stadium,FALSE,72,0,,DOME
12/30/2018,2018,17,FALSE,Kansas City Chiefs,35,3,Oakland Raiders,KC,-14.5,52.5,Arrowhead Stadium,FALSE,45,15,,
12/30/2018,2018,17,FALSE,Los Angeles Rams,48,32,San Francisco 49ers,LAR,-10.5,49.5,Los Angeles Memorial Coliseum,FALSE,65,3,,
12/30/2018,2018,17,FALSE,Minnesota Vikings,10,24,Chicago Bears,MIN,-6,40.5,U.S. Bank Stadium,FALSE,72,0,,DOME
12/30/2018,2018,17,FALSE,New England Patriots,38,3,New York Jets,NE,-14.5,46.5,Gillette Stadium,FALSE,33,2,,
12/30/2018,2018,17,FALSE,New Orleans Saints,14,33,Carolina Panthers,NO,-8,42,Mercedes-Benz Superdome,FALSE,72,0,,DOME
12/30/2018,2018,17,FALSE,New York Giants,35,36,Dallas Cowboys,NYG,-7.5,38.5,MetLife Stadium,FALSE,37,2,,
12/30/2018,2018,17,FALSE,Pittsburgh Steelers,16,13,Cincinnati Bengals,PIT,-14,45,Heinz Field,FALSE,42,9,,
12/30/2018,2018,17,FALSE,Seattle Seahawks,27,24,Arizona Cardinals,SEA,-14,39.5,CenturyLink Field,FALSE,45,5,,
12/30/2018,2018,17,FALSE,Tampa Bay Buccaneers,32,34,Atlanta Falcons,ATL,-2.5,51.5,Raymond James Stadium,FALSE,80,5,,
12/30/2018,2018,17,FALSE,Tennessee Titans,17,33,Indianapolis Colts,IND,-5.5,42.5,Nissan Stadium,FALSE,53,4,,
12/30/2018,2018,17,FALSE,Washington Redskins,0,24,Philadelphia Eagles,PHI,-6,42.5,FedEx Field,FALSE,46,3,,
01/05/2019,2018,Wildcard,TRUE,Dallas Cowboys,24,22,Seattle Seahawks,DAL,-2.5,43,AT&T Stadium,FALSE,72,0,,DOME
01/05/2019,2018,Wildcard,TRUE,Houston Texans,7,21,Indianapolis Colts,HOU,-2,48.5,NRG Stadium,FALSE,72,0,,DOME
01/06/2019,2018,Wildcard,TRUE,Baltimore Ravens,17,23,Los Angeles Chargers,BAL,-3,43,M&T Bank Stadium,FALSE,52,12,,
01/06/2019,2018,Wildcard,TRUE,Chicago Bears,15,16,Philadelphia Eagles,CHI,-6.5,41.5,Soldier Field,FALSE,39,12,,
01/12/2019,2018,Division,TRUE,Kansas City Chiefs,31,13,Indianapolis Colts,KC,-4,54,Arrowhead Stadium,FALSE,32,13,,
01/12/2019,2018,Division,TRUE,Los Angeles Rams,30,22,Dallas Cowboys,LAR,-7.5,48,Los Angeles Memorial Coliseum,FALSE,57,1,,
01/13/2019,2018,Division,TRUE,New England Patriots,41,28,Los Angeles Chargers,NE,-3.5,47.5,Gillette Stadium,FALSE,26,3,,
01/13/2019,2018,Division,TRUE,New Orleans Saints,20,14,Philadelphia Eagles,NO,-8.5,52,Mercedes-Benz Superdome,FALSE,72,0,,DOME
01/20/2019,2018,Conference,TRUE,Kansas City Chiefs,31,37,New England Patriots,KC,-3,56,Arrowhead Stadium,FALSE,19,14,,
01/20/2019,2018,Conference,TRUE,New Orleans Saints,23,26,Los Angeles Rams,NO,-3,55.5,Mercedes-Benz Superdome,FALSE,72,0,,DOME
02/03/2019,2018,Superbowl,TRUE,Los Angeles Rams,3,13,New England Patriots,NE,-2,55.5,Mercedes-Benz Stadium,TRUE,72,0,,DOME